{"cameraMode":{"drawMode":0,"name":"Shaded","section":"Shading Mode"},"sceneLighting":true,"audioPlay":false,"sceneViewState":{"m_AlwaysRefresh":false,"showFog":true,"showSkybox":true,"showFlares":true,"showImageEffects":true,"showParticleSystems":true,"showVisualEffectGraphs":true,"m_FxEnabled":true},"in2DMode":false,"pivot":{"x":34.16286087036133,"y":198.41253662109376,"z":46.56694030761719},"rotation":{"x":-0.19810377061367036,"y":0.7637326717376709,"z":-0.5491622686386108,"w":-0.27550074458122256},"size":25.328670501708986,"orthographic":true}